Name,Yearly Performance,Volatility
A,46.90515201,3.84811417
AADI,-7.61384335,24.79166667
ABBV,17.34704163,0.97129104
ABCL,-72.22410866,4.64240903
ABEO,-31.9453125,6.00162866
ABIO,-38.16793893,2.05774975
ABMD,30.30785759,2.82871069
ABOS,-46.61691542,12.38185255
ABT,15.7703874,1.67000926
ABUS,-7.47922438,4.45832436
ABVC,-14.5,6.26865672
ACAD,-62.99511666,5.40401441
ACER,-14.59074733,4.20168067
ACET,-29.44277108,3.05676856
ACHL,-66.4652568,3.99274047
ACHV,-14.11764706,3.54299313
ACIU,11.21856867,4.83870968
ACOR,-28.47469104,6.56716418
ACRS,334.9693252,3.04748405
ACRX,-52.03378378,12.04111601
ACXP,-37.64258555,9.72916667
ADAG,-67.82260754,11.47133745
ADAP,-10.1659751,4.89260143
ADCT,-24.24685581,4.86358244
ADIL,86.5497076,4.83870968
ADMA,-17.55319149,7.43243243
ADMP,160.1226994,11.10082305
ADMS,90.42056075,0.86100861
ADTX,-33.86243386,13.44537815
ADVM,-82.30452675,3.33333333
ADXS,5.46656496,11.4308135
AEMD,100.6756757,2.71186441
AERI,-11.13671275,4.50892857
AFIB,-85.58451817,6.1971831
AFMD,37.52808989,4.02289177
AGE,-44.12587413,4.56140351
AGEN,-6.34517766,8.91812865
AGIO,2.7265842,3.83833249
AGLE,-26.18025751,8.22619048
AGRX,-75.08532423,5.35962233
AGTC,-45.26558891,6.23275862
AHPI,-10.12433393,6.35245902
AIKI,42.24299065,4.48
AIM,-15.02590674,6.21118012
AIRS,1.76211454,9.09090909
AKBA,4.02930403,2.85714286
AKRO,-14.89289357,4.64083939
AKTX,-1.20481928,3.77358491
AKUS,-55.66853076,8.65826028
AKYA,-48.4452975,3.73076923
ALBO,-25.71669477,8.75954198
ALDX,28.50746269,2.71546635
ALEC,67.31651376,5.30018762
ALGN,52.65629846,1.90721649
ALGS,-17.4,4.08785845
ALIM,6.92307692,5.08166969
ALKS,29.05165346,3.45884413
ALLK,-19.19590067,2.47881096
ALLO,-41.44498186,5.57216635
ALNA,-44.82758621,4.9875
ALNY,33.75096674,2.86841795
ALPN,69.54377312,5.84166026
ALRN,-27.35849057,10.52631579
ALT,17.56046267,3.30882353
ALVR,-27.97297297,6.12045842
ALZN,-83.18518519,4.86363636
AMAM,-29.5601173,11.36752137
AMGN,-11.63741181,1.83660545
AMPE,56.36363636,3.96825397
AMPH,10.4989605,1.94959582
AMRN,-9.47136564,15.26908636
AMRX,15.65420561,4.4534413
AMTI,-26.63642255,4.61187215
ANAB,19.33909125,5.16677567
ANEB,-3.66197183,4.53172205
ANGN,-75.14688602,4.03800475
ANGO,137.6508447,2.99756013
ANIK,6.67556742,3.86538462
ANIP,54.85773768,3.4490635
ANIX,106.5420561,5.39074887
ANNX,-35.48795944,7.63513514
ANPC,-49.85337243,8.57843137
ANVS,446.5463168,5.88447653
APDN,-26.24113475,3.7254902
APEN,317.768595,5.16194332
APLS,14.20606061,14.41947566
APLT,-16.05370695,3.94831299
APM,-1.36363636,4.18604651
APRE,-77.55886593,7.82997763
APT,-58.66983373,3.55029586
APVO,-76.95453452,9.04148936
APYX,146.9808542,5.57275542
AQB,-8.62944162,3.98860399
AQST,-2.90322581,4.70487596
ARAV,-38.62520458,6.72043011
ARAY,43.85964912,3.11848831
ARCT,-29.65543212,6.25353707
ARDS,-58.788774,6.89781022
ARDX,-81.51408451,6.66666667
ARMP,6.76923077,6.54761905
ARNA,-6.08317815,4.01441071
ARQT,-4.03071017,3.22272425
ARVN,224.8071458,5.37424395
ARWR,-9.69063427,5.65363872
ASLN,3.08641975,2.42424242
ASMB,-53.65418895,9.3385214
ASND,-1.69067001,4.28740003
ASRT,11.50568182,5.29801325
ATAI,-36.86375321,8.73469388
ATEC,20.25440313,6.08187135
ATHA,-39.53757225,13.02816901
ATHX,-23.7804878,17.54385965
ATNF,71.73219979,10.02506266
ATNM,-34.02146986,5.77663671
ATNX,-85.09406657,7.5
ATOS,67.7852349,4.89795918
ATRA,-14.85294118,7.03551494
ATRC,89.83639068,5.02311039
ATRI,29.55791012,0.61016254
ATRS,20,3.15186246
ATXI,-58.43373494,4.54545455
ATXS,-18.20330969,7.99418605
AUPH,103.3210332,8.61280488
AURA,68.17567568,28.58196117
AUTL,-37.33213966,6.9591528
AUVI,2.97619048,5.31496063
AVCO,-14.04958678,3.92156863
AVDL,47.37588652,8.26086957
AVEO,19.89881956,4.18317795
AVGR,147.829233,6.19402985
AVIR,-65.93703148,3.88437218
AVNS,-21.03793344,2.69532277
AVRO,-68.88753056,4.15019763
AVTE,-38.63337714,26.79738562
AVTX,-4.7008547,6.42201835
AVXL,316.6666667,5.73493976
AWH,-46.65226782,6.29904912
AXDX,-30.76923077,10.3960396
AXGN,-22.75409836,2.43266725
AXLA,-41.45873321,4.29042904
AXNX,38.49765258,7.66467066
AXSM,-53.2402529,9.53600911
AYLA,-3.64826941,12.76699029
AYTU,-76.26208378,11.87214612
AZYO,-55.01130369,17.67420397
BAX,-1.81975737,0.95971714
BBI,-31.89096454,7.42857143
BBIO,8.52090032,3.50616235
BBLG,-68.08247423,60.05961252
BCAB,-10.31592521,4.71243043
BCDA,5.80357143,4.57572136
BCEL,-65.09751177,3.7109375
BCLI,-21.64179104,7.79661017
BCRX,164.1921397,3.63247863
BCYC,189.656816,4.29157974
BDSI,-19.12144703,3.85232745
BDTX,-76.83890578,4.25675676
BDX,0.7012912,1.11440086
BEAM,135.0483155,7.05847953
BEAT,-91.5236717,6.07594937
BFLY,-11.90233978,20.61994609
BFRI,-34.92063492,17.77777778
BHVN,23.58666391,3.74642269
BIIB,5.12037298,4.20148739
BIO,30.10783536,3.38400722
BIOL,85.04883546,8.69634894
BIVI,-23,9.54465849
BJDX,-31.76691729,6.24715909
BLCM,-28.42105263,4
BLFS,61.77929324,7.23360656
BLPH,-57.96252927,5.88235294
BLUE,-61.41433586,3.73998219
BMEA,-36.93548387,4.34782609
BMRA,-30.38348083,6.01100198
BMRN,6.23284986,2.42700505
BMY,-8.11567164,1.84974359
BNGO,819.6478741,4.58333333
BNTC,24.72727273,3.29840438
BNTX,196.8480387,7.5063509
BOLT,-69.9533437,3.75
BON,-15.97222222,6.85618729
BPMC,16.52525253,2.43773185
BPTH,39.32926829,4.2172949
BRBR,29.06309751,1.81953212
BRKR,67.29233227,2.46658566
BSGM,-7.73067332,13.33333333
BSX,18.24150728,1.86643836
BTAI,-46.54039428,8.82924932
BTTX,-18.3,8.98876404
BTX,102.1048222,9.79865772
BVS,-20.71837585,4.16942422
BVXV,-23.67491166,4.16666667
BXRX,-59.53389831,8.43478261
BYSI,0.99009901,6.92640693
CABA,-11.45602365,5.90719118
CALA,-77.55555556,6.25
CAPR,-18.96955504,5.08982036
CARA,-5.1980198,3.50761085
CASI,-52,7.19915922
CBAY,-45.64102564,3.24129652
CBIO,-73.44827586,9.74025974
CCCC,41.57767826,4.79860766
CCEL,62.36842105,4.20168067
CCXI,-35.51027226,5.0157563
CDAK,63.57388316,12.0014771
CDMO,258.6132178,3.34023093
CDNA,-17.8200692,2.95503212
CDTX,-34.63035019,10.6918239
CEMI,-54.8245614,4
CERE,203.2565528,3.92572944
CERS,13.45852895,4.85021398
CFMS,55.28905289,9.84540277
CFRX,-34.95327103,17.9331307
CGEM,-31.26044801,6.4516129
CGEN,-61.91881919,6.75808031
CGTX,-17.46280345,11.66982922
CHEK,223.2212389,2.1865729
CHRS,6.92567568,3.7593985
CKPT,56.37860082,8.36653386
CLDX,135.9095689,5.71764706
CLGN,165.0448143,12.14041931
CLNN,-53.14232902,19.1321499
CLPT,62.2459893,7.56162558
CLRB,-30.34782609,11.03797468
CLSD,173.0994152,7.33333333
CLSN,59.02601213,6.175
CLVR,-52.84615385,8.75656743
CLVS,-12.5284738,3.43915344
CMMB,-56.02355072,5.27728178
CMPI,-66.09247507,8.33333333
CMPS,-3.1947122,6.29246677
CMPX,-54.94117647,6.68523677
CMRX,82.74853801,10.33274956
CNCE,-63.2819583,5.12820513
CNMD,51.42743062,1.8810236
CNSP,-40.79955426,32.14285714
CNTA,-42.34482759,5.60669456
CNTB,-29.15089237,7.17039322
COCP,5.60548723,4.59770115
CODX,-17.83010934,5.11727079
COGT,10.81359423,5.23255814
COLL,2.42392986,2.98734177
COO,25.04436757,1.2814028
CORT,29.15742794,3.38164251
CPHI,52.05933453,4.4603842
CPIX,-11.26279863,5.38076923
CPRX,117.4698795,8.7797619
CRBP,-10.83333333,3.73831776
CRBU,31.92401961,5.83976834
CRIS,338.28125,3.40501792
CRMD,-13.62126246,5.36779324
CRNX,105.9746079,4.21162444
CRSP,-20.25421387,3.18293693
CRTX,-71.47572816,5.53191489
CRVS,-13.87559809,4.44444444
CRXT,-52.45579568,23.75
CRY,-3.55204736,3.28652263
CSBR,-21.18027486,1.94871795
CSII,-29.2324442,5.61529271
CTIC,-22.3495702,5.83657588
CTKB,22.3347548,5.4479964
CTLT,25.17862246,4.39763634
CTMX,0.13550136,5.66572238
CTSO,-29.98859749,4.18760469
CTXR,90.43543383,2.25988701
CUE,47.79220779,8.73671783
CUTR,104.6639232,2.88926363
CVAC,-51.69303177,5.47788873
CVM,-0.68906115,3.97610619
CVRX,-42.14285714,14.0470297
CWBR,-43.26923077,17.85714286
CYAN,19.5130948,7.14285714
CYCC,34.85714286,2.5477707
CYCN,-4.72727273,5.49019608
CYTH,-32.66055046,17.23163842
CYTK,152.9980658,4.00925212
CYTO,171.3625866,11.62790698
DARE,61.46788991,4.70588235
DAWN,-17.41985323,8.09774796
DBTX,-58.34719911,6.43835616
DCPH,-86.09974231,3.1517165
DCTH,-16.74796748,6.23115578
DERM,-56.26666667,13.90243902
DFFN,-35.95204291,11.95001302
DHR,33.24177022,2.92360578
DICE,-7.42748712,9.26751592
DMAC,-8.76404494,9.38337802
DMTK,83.8659392,5.14609682
DNA,38.33992095,9.4761171
DNLI,-25.07799733,3.09509265
DRIO,31.74089069,7.99484204
DRMA,-5.78034682,10.6918239
DRNA,-8.7403599,4.02491615
DRRX,-36.11111111,8.55855856
DTIL,0.31023785,5.42299349
DVAX,272.2342733,4.83005367
DXCM,93.81785554,2.34210321
DXR,-21.43357143,3.18949343
DYAI,-42.20183486,8.09840426
DYN,-21.42105263,3.42465753
DYNT,132.5183792,8.15963207
EAR,-78.56076441,9.0504451
EBS,-52.11581292,8.58611825
ECOR,-44.42675159,6.73521257
EDAP,33.86363636,6.36042403
EDIT,29.32173913,5.03091625
EDSA,30.32629559,3.62537764
EGRX,5.01426824,3.70519128
EIGR,-28.25688073,8.10810811
EKSO,-20.68230277,6.97841132
ELDN,-72.33104799,6.59633028
ELEV,-30.85664336,4.30617608
ELMD,30.02114165,2.43902439
ELOX,-60.40268456,6.03448276
ELYM,14.33962264,6.5735893
ENDP,27.18631179,5.79937304
ENLV,-1.68471721,1.86104218
ENOB,242.6751592,6.27916638
ENSC,-85.57142857,41.7218543
ENTA,101.4457831,4.35518447
ENTX,222.3214286,9.01408451
ENVB,-58.21596244,4.04624277
ENZ,68.68686869,1.79640719
EOLS,93.11294766,3.49854227
EPIX,107.2981367,9.66744006
EPZM,-62.9018245,4.81927711
EQ,22.14765101,5.39033457
ERAS,12.16293746,4.09574468
ESPR,-71.75572519,4.55635492
ESTA,159.2120075,2.91592658
ETNB,-38.13273341,9.81749528
ETON,-35.59096946,13.3037694
ETTX,56.17977528,3.27272727
EVAX,-39.43377149,6.6957265
EVFM,-73.90697674,31.68316832
EVGN,-22.66666667,6.49350649
EVLO,115.9509203,7.16074111
EVOK,-71.03225806,8.32204979
EW,39.75111529,2.93636442
EWTX,-32.36666667,4.91299898
EXAS,-20.89242477,6.52653583
EXEL,-6.95381422,2.89937464
EYEN,4.11764706,4.28571429
EYES,312.8829156,31.75028725
EYPT,226.7441861,10.15384615
FATE,5.8565433,6.43352656
FBIO,22.93233083,6.77592575
FBRX,-91.47514698,5.37974684
FDMT,-40.98765432,4.78408129
FENC,20.02472188,2.60583942
FGEN,-71.48038993,5.93665661
FHTX,-20.29411765,1.56482861
FIXX,-42.8,6.89023506
FLDM,-19.53642384,4.84110169
FLXN,-20.71057192,1.09649123
FMTX,-55.00997009,3.39832869
FNA,23.08925708,6.45900137
FOLD,-47.08994709,8.00711744
FONR,-7.30452675,3.21864595
FREQ,-72.03687445,4.71544715
FRLN,-80.92369478,9.47368421
FSTX,20.86466165,7.24637681
FULC,51.69204738,4.79178551
FUSN,-50.38639876,12.5984252
FWBI,-69.42420346,14.35643564
FWP,2.33281493,4.01302852
GALT,3.66300366,3.95683453
GANX,-17.76785714,12.68170732
GBIO,-43.84168281,4.26706827
GBT,-21.56542056,3.74429224
GERN,-23.73737374,3.33333333
GHRS,19.58441558,9.05311778
GILD,9.70969329,1.81083508
GKOS,-25.91661739,3.89839949
GLMD,-19.14285714,6.36042403
GLSI,746.6346154,2.53634932
GLTO,-80.2928615,12.02531646
GLUE,3.35221907,14.04215013
GLYC,-50.24875622,7
GMDA,-50.3003003,7.51374465
GMED,26.25886525,2.71531608
GMTX,-60.99502488,9.41124367
GNCA,-22.38095238,5
GNPX,-37.85488959,9.94764398
GOSS,29.56043956,4.20315236
GOVX,71.33230582,41.37115839
GRAY,-89.00900901,6.29139073
GRCL,-54.98802873,3.33790581
GRPH,-36.97297297,7.39750446
GRTS,304.0892193,5.44090056
GRTX,-83.96946565,15.33742331
GRVI,-11.42857143,4.27698574
GTBP,59.15457092,6.04166667
GTHX,3.4107402,4.35714286
HAE,-44.9652617,4.28696413
HALO,-6.2285434,2.04512469
HAPP,-53.20967742,3.48837209
HARP,-52.63843648,6.09243697
HBIO,96.5,2.06451613
HCWB,-51.58730159,9.40766551
HEPA,-47.01492537,6.42857143
HGEN,-18.59356377,8.03709428
HLTH,-34.3,9.80275252
HOLX,1.63888889,2.09885828
HOOK,-64.6025878,3.68421053
HOTH,-43.19886364,5.95200997
HOWL,-0.93167702,3.48162476
HRC,60.40206186,0.16091658
HRMY,-6.39508421,2.00843045
HROW,55.12265512,4.52380952
HRTX,-40.40296925,4.45269017
HSDT,-42.11205044,3.10559006
HSKA,41.07657552,3.62567089
HSTO,-62.98051948,11.39285714
HTBX,-31.76144244,2.68944099
HTGM,18.23361823,6.63983903
HUMA,18.82109617,10.69418386
HZNP,50.55267945,2.05964585
IART,25.73755656,3.8512131
IBIO,-59.6374269,8.69565217
IBRX,-14.51027811,4.99265786
ICCC,62.24215087,1.50451244
ICLR,50.08671887,2.97237648
ICPT,-52.99323269,6.33290916
ICUI,30.94289509,2.30712136
ICVX,-23.39147841,9.10323838
IDRA,-73.57525084,8.60841424
IDXX,38.90972908,3.13422007
IDYA,72.70758123,4.92589364
IFRX,16.26794258,7.8891258
IGC,22.65625,4.66666667
IGMS,12.59066394,5.97691321
IIN,16.19631902,5.05319149
IINN,-26.52631579,8.93371758
IKNA,-47.8125,8.94588677
IKT,-80.50505051,11.35135135
ILMN,27.03809364,1.79919056
IMAB,82.01533986,14.32070542
IMCR,-12.26851852,5.21251002
IMGN,0.34662045,4.10714286
IMGO,36.27992634,9.15725047
IMNM,56.68122271,13.24626866
IMPL,-28,7.32635585
IMRA,-84.04773502,33.74233129
IMTX,16.20591039,7.00854701
IMUX,-50.32223416,3.41786108
IMVT,-84.59495352,3.10818888
INAB,-19.5,11.68996188
INBX,112.7845036,6.42180095
INCY,-20.80019282,1.908867
INDP,-49.46153846,7.30593607
INFI,41.95402299,4.62184874
INFU,23.81615599,6.09970674
INGN,-2.39206534,3.82645375
INKT,34.83333333,15.104375
INM,-57.44680851,5.14705882
INMB,48.00861141,8.19061802
INMD,344.1369606,6.20118538
INO,-37.43589744,3.92706872
INSM,-21.87182096,3.4655115
INSP,62.84705882,3.76249909
INVA,57.11695376,1.80127833
INZY,-61.96758387,6.25
IOBT,-28.9456869,9.87084871
IONS,-37.78327938,1.99042323
IOVA,-45.64556262,4.71095818
IRIX,345.2941177,7.02341137
IRMD,74.17247387,5.74536148
IRTC,-51.08636364,3.97249809
IRWD,2.92887029,2.88540808
ISEE,180.7495741,6.17206983
ISR,44.04283802,13.25166682
ISRG,44.61203806,3.11487523
ITCI,47.43867244,4.50201207
ITOS,34.27974948,7.57275132
ITRM,4.42307692,4.65420561
IVC,-52.07852194,2.94117647
JAGX,205.2326346,6.3583815
JANX,-18.88667992,7.08973723
JAZZ,-5.68772218,1.42097209
JNCE,26.9393512,6.60397074
JNJ,8.91864747,1.06382979
JSPR,-16.1607693,12.18026797
KALA,-71.23834887,5.36585366
KALV,-9.12371134,4.39882698
KDNY,17.23891273,4.37539632
KEQU,41.44444444,0.39432177
KIDS,45.13120798,7.62549801
KLDO,-35.13139696,5.32608696
KMDA,-15.46546547,1.60714286
KMPH,-12.6953125,2.80269058
KNSA,-15.43007223,2.66249021
KNTE,-43.32564694,3.78054403
KOD,-5.49719888,5.29474397
KPRX,-55.45977011,6.75675676
KPTI,-47.17791411,8.81612091
KRBP,-70.21505376,12.68115942
KRMD,-20.83333333,8.30860534
KRON,-48.59926918,4.83180428
KROS,-5.82509733,3.58781127
KRTX,35.45864662,3.2491519
KRYS,15.98282443,5.89120619
KTTA,-29.49438202,6.63900415
KURA,-55.81923757,3.65135453
KYMR,19.10046729,2.96498183
KZR,103.6906854,38.31562615
LABP,-11.16666667,31.54929577
LCI,-68.84735202,4.5
LCTX,74.28571429,4.62184874
LEGN,88.21428571,14.78277586
LFVN,-35.46099291,6.53409091
LGND,94.12118298,4.61970075
LGVN,-57.82726046,8.46579805
LHDX,-72.01761409,17.55233494
LIAN,15.69343066,3.19010417
LIFE,160.5504587,3.82317802
LIVN,64.07859596,2.5819817
LIXT,-66.47775679,4.30247718
LJPC,-14.58773784,4.06091371
LLY,82.52124646,1.70319153
LMAT,37.80645161,4.05786211
LMNL,-58.39793282,4.42377065
LNSR,-21.875,2.80898876
LNTH,136.6479551,1.73528411
LOGC,-42.5566343,7.08215297
LPCN,-17.36111111,3.44827586
LPTX,55.84415584,4.68085106
LQDA,41.8879056,5.88235294
LRMR,-53.33633904,6.38297872
LTRN,-39.0070922,5.02702703
LUCD,-11.05442177,7.80338245
LUMO,-43.41772152,6.83371298
LUNG,-18.67779204,2.87808128
LVTX,-51.53846154,5.25701956
LXRX,181.2154696,3.83064516
LYEL,-35.22794553,3.60777058
LYRA,-37.10118505,4.34782609
MACK,17.1875,4.31818182
MASI,20.44381682,1.15771812
MASS,-37.51020408,5.12691209
MBIO,-23.43234323,5.97345133
MBOT,-7.37704918,2.50737463
MBRX,-51.35203437,6.07265977
MCRB,-78.31963954,5.97551823
MDGL,-25.51988022,3.43855693
MDGS,-26.04166667,4.25531915
MDT,7.12729254,1.61939851
MDVL,-81.27062706,4.07239819
MDWD,-17.32283465,10.32258065
MDXG,20.72072072,3.58974359
ME,12.14285714,4.62962963
MEIP,3.78006873,4.66666667
MGNX,-10.46511628,3.48652932
MGTA,5.40145985,5.44692737
MGTX,32.2324967,7.8197825
MIRM,-20.98458478,4.30247718
MIRO,-53.2152231,6.77603424
MIST,4.42073171,5.10510511
MITO,-32.89473684,1.98019802
MLAB,6.77609573,2.34200059
MLSS,66.66666667,13.33333333
MMSI,34.92094476,2.09223516
MNKD,72.43816254,3.17124736
MNOV,-45.16640254,3.51906158
MNPR,-3.38645418,6.82773109
MORF,88.72909699,8.5267214
MOTS,-18.32467532,6.09577556
MREO,-9.70464135,10.07371007
MRK,8.23256163,1.73217375
MRKR,-7.94701987,2.89855072
MRNA,151.5083199,4.2138453
MRNS,-13.20885201,3.06122449
MRSN,-62.79849183,4.10376283
MRTX,-38.23913611,3.65306713
MRUS,94.89795918,4.8273432
MTCR,-87.80241935,6.77966102
MTD,28.08456794,2.63223767
MTEM,-48.29369183,12.08333333
MTEX,143.4315531,3.05128205
MTNB,46.05263158,15.59633028
MYGN,72.81665703,3.34356875
MYMD,108.3769634,27.38705234
MYOV,5.16224189,2.86123033
NAII,40.37419892,3.2586356
NAOV,132.308792,13.38582677
NARI,32.55848168,3.15212426
NAUT,-53.90909091,6.13861386
NAVB,-45.56370656,5.18518519
NBIX,-3.79291553,2.10532322
NBRV,-77.82561895,2.94117647
NBSE,-56.375,8.06697108
NBY,-10.8248314,5.42910632
NCNA,-44.12371134,7.57620818
NDRA,36.69064748,20.90909091
NEOG,19.1500735,2.33405442
NEPH,28.67333333,4.04851752
NERV,-63.43490305,4.72440945
NEXI,-57.20489538,9.79228487
NGM,-12.76223776,3.99170555
NKTR,-24.3166287,5.29595016
NKTX,-48.71577759,7.41156654
NLSP,-24.91349481,3.28169014
NLTX,-49.91749175,6.27118644
NMRD,33.24873096,10.76190476
NMTR,7.84313725,4.62962963
NNOX,-42.5019836,7.5
NNVC,39.94169096,4.90569303
NOVN,26.79276658,6.65557404
NPCE,-50.12019231,7.12510356
NRBO,-66.2835249,4.57142857
NRIX,-0.32973621,3.24242424
NRXP,-44.84679666,7.34072022
NSPR,-26.33881139,4.72440945
NSTG,-0.04158869,4.62863294
NTLA,294.6900115,5.64577907
NTRB,-50.94650206,9.90990991
NTUS,23.70546318,2.4504999
NURO,318.0790961,5.70652174
NUVA,25.44833476,2.4820267
NUVB,-6.28742515,4.8951049
NUVL,46.66666667,16.66666667
NUWE,-72.18649518,2.3255814
NVAX,83.53967058,4.33178051
NVCR,-10.20993931,3.80952381
NVIV,-3.05206463,2.44821092
NVNO,-6.68647845,5.22193211
NVRO,-43.88696316,4.01853049
NVST,48.47009736,1.78027641
NXTC,-39.74103586,8.51419032
NYMX,-20.10050251,9.26428713
OBSV,8.29493088,5.81263617
OCDX,28.13664596,2.9945999
OCGN,2698.623064,6.1302682
OCUL,-48.19720383,3.95894428
OCUP,-36.7576244,3.09278351
OCX,67.59776536,5.94405594
ODT,-76.8907563,3.75
OFIX,-14.57150581,2.35518778
OGEN,19.09650924,5.1826087
OGN,0.87218045,2.61398176
OLK,-25,7.66785856
OLMA,-46.02040816,5.51643192
OM,-12.70518713,5.614241
OMER,-28.47222222,5.48204159
OMGA,27.5,9.05263158
OMIC,-44.44012442,6.89655172
ONCR,-76.18270799,6.78392857
ONCT,-10.62801932,5.75342466
ONTX,-14.55615247,6.00600601
ONVO,-39.28571429,8.10810811
OPK,4.54545455,3.35403727
OPNT,217.843389,4.50776841
ORGO,153.8106236,4.84790875
ORGS,-21.81818182,7.89473684
ORIC,-31.30469372,2.79883382
ORMP,968.7258687,4.59691558
ORTX,-66.0944206,17.21078074
OSMT,-74.14634146,29.13907285
OSUR,-19.46202532,4.48979592
OTIC,-50.69124424,5.18867925
OTLK,90.47619048,12.5
OVID,-41.15702479,3.38983051
OYST,-49.20774648,8.28082808
PACB,84.12073491,6.62376987
PAHC,15.08060322,2.28832952
PALI,-27.10626027,11.2
PASG,-50.75895568,7.04402516
PAVM,176.4044944,4.84210526
PBH,68.16561557,2.35802059
PBLA,-37.01015965,4.77990431
PBYI,-61.8336887,3.37078652
PCRX,-11.64988381,5.13876455
PCVX,-29.31506849,2.74402195
PDSB,405.6603774,3.70722433
PEN,2.08461538,3.66266843
PETQ,-8.15884477,9.79888746
PETV,-38.88888889,10.44303797
PFE,37.62486127,2.59766823
PGEN,-36.61290323,6.66666667
PHAS,-18.50828729,9.5890411
PHAT,-50.54740275,4.01153015
PHGE,-60.89285714,11.26760563
PHIO,-34.66666667,4.82758621
PHVS,-45.68965517,1.20942075
PIRS,36.29893238,2.63852243
PKI,40.98496241,3.18956044
PLRX,-43.18260269,3.88227927
PLSE,51.12044818,14.79330714
PLXP,124.6044921,7.56305662
PNT,-36.89727463,7.4556213
POAI,65.73753202,8.41121495
PODD,22.11008821,1.8523778
PRAX,-43.23006311,7.99573561
PRCT,3.74344301,5.12715241
PRFX,-46.51162791,13.89623784
PRGO,-11.57959687,1.62429379
PRLD,-69.01353965,7.35677083
PROC,-0.3021148,2.77207392
PRPH,-29.57422325,4.17021277
PRPO,-3.72093023,13.5
PRQR,100.2544529,4.23280423
PRTA,351.4979757,6.10045662
PRTG,95.19408503,10.21042563
PRTK,-17.96116505,4.06504065
PRVB,-55.27009223,14.30948419
PSNL,-38.35762531,5.78313253
PSTI,-70.28753994,7.29927007
PSTV,-28.26086957,4.90797546
PSTX,-35.04968383,3.39462518
PTCT,-35.79047922,4.990902
PTGX,67.93229643,6.82143881
PTN,-4.7029703,6.10587002
PTPI,-57.39348371,29.7541813
PULM,-29.09090909,6.24591663
PYPD,-23.29896907,10.19283747
PYXS,-8.56060606,6.20689655
QDEL,-23.29907503,3.70847412
QGEN,19.94388085,8.32122093
QLGN,-69.85915493,2.85714286
QLI,-66.4,4.53172205
QNRX,-26.171875,7.7807971
QTNT,-65.41598695,16.83673469
QTRX,12.79899287,6.39737147
QURE,-30.02928588,2.85058978
RAIN,6.64556962,11.57347204
RANI,183.7272727,9.85915493
RAPT,121.3204119,5.8428851
RARE,-33.73544442,3.00532589
RBOT,34.6749226,2.71238207
RCEL,-27.99116998,1.61490683
RCKT,-20.34985423,11.17883701
RCOR,-8.16326531,5.05984028
RCUS,60.1029601,3.89052858
RDHL,-47.03703704,6.71495327
RDUS,15.71782178,2.04631125
REGN,19.43695996,3.07428749
REPH,-12.56544503,7.8313253
REPL,-31.8544265,5.71338384
RETA,-43.44325839,3.72237717
RGC,151.9047619,5.42135667
RGEN,39.01493617,4.71931862
RGLS,-24.81481481,5.79491056
RGNX,-13.00546448,6.59821534
RIGL,5.81818182,5.90277778
RLAY,-34.14588761,2.88818988
RLMD,-37.97504254,7.63757116
RMD,24.43614289,2.95187411
RMED,-42.64069264,11.2
RMTI,-50.32004956,10.30368764
RNA,-5.49255847,10.77421997
RNAZ,-44.9905482,11.38790036
RNXT,-3.30578512,18.51721146
RPHM,-41.32469402,7.57439931
RPRX,-0.47404598,5.94227504
RPTX,0.43087971,5.65543071
RSLS,-17.97752809,5.11627907
RUBY,160.7279694,4.35114504
RVMD,-19.77772165,7.40251157
RVNC,-44.5664521,6.00071865
RVP,-16.78252234,11.11111111
RVPH,-65.77981651,12.93868106
RWLK,27.65957447,8.84353741
RXRX,-36.10223642,8.3199572
RYTM,-42.33409611,9.00900901
SAGE,-43.74410774,2.59422418
SANA,-39.82905983,4.74383302
SAVA,675.9748428,10.41883004
SBTX,-65.92,6.40870617
SCPH,-41.79265659,6.00375235
SCPS,-40.2027027,5.34124629
SCYX,22.08480565,14.08450704
SEEL,163.4182538,4.87804878
SEER,-46.20970599,6.14919355
SELB,9.9378882,4.19681621
SESN,3.57142857,4.34782609
SGEN,5.33579719,3.2819788
SGHT,-32.74626866,13.64373407
SGMO,-13.42756184,2.38095238
SGTX,-85.94019551,4.73251029
SHC,-5.65737052,2.93928342
SIBN,-5.36711035,4.69416785
SIEN,-1.66666667,11.25265393
SIGA,-0.12886598,2.61780105
SILK,-17.87191792,3.25186831
SINT,-40.12962963,7.36842105
SIOX,-20.64220183,10.58823529
SKIN,158.4894695,5.76779026
SLDB,-35.8662614,5.33980583
SLGL,15.58935361,3.18191004
SLNO,-61.2893401,3.30666667
SLS,166.5441177,8.08510638
SMLR,23.76769795,11.57755192
SMMT,11.5720524,5.2
SNDX,-18.88297872,9.04317386
SNES,13.13868613,4.66666667
SNGX,-56.375,1.55400155
SNOA,-28.97800776,3.8961039
SNPX,224.7093023,9.04977376
SNSE,-48.0952381,4.25311203
SOLY,184.6575343,2.65878877
SONN,-75.61065574,5.48717949
SONX,6.63043478,16.50893796
SPNE,5.51236749,3.4006734
SPPI,-52.83018868,3.06122449
SPRB,-87.40286299,44.71947195
SPRO,11.81262729,2.79975654
SQL,-15.19823789,7.40546942
SQZ,-51.47750168,3.43347639
SRDX,24.49819866,3.79295893
SRGA,-58.79245283,7.33750147
SRNE,-7.06766917,5
SRPT,-40.60822898,2.38874742
SRRA,49.4370522,2.37442922
SRRK,-11.5248227,5.95026643
SRTS,103.2967033,12
SSKN,13.88888889,3.76705868
STAA,43.39318885,4.99637944
STAB,25.88996764,9.33333333
STE,21.0388812,2.32808795
STIM,-39.48051948,5.48712206
STOK,-32.98969072,4.53400504
STRO,3.76226827,5.88694268
STRR,1.18577075,3.2
STSA,43.43675418,5.86206897
STTK,-63.70117793,8.42745439
STVN,12.09964413,3.31215971
STXS,59.44055944,10.59034268
SUPN,52.76785714,8.65718799
SURF,-22.07151665,3.850829
SVRA,6.66666667,3.36936937
SWAV,119.8785086,3.67947267
SWTX,4.18234443,4.77766585
SXTC,-21.12962963,3.31764706
SYBX,33.49514563,3.27272727
SYK,13.33390944,1.00704549
SYN,8.14285714,8.18281336
SYRS,-49.45978391,3.64963504
TALS,-5.04615385,12.89173789
TARA,-69.33783214,5.78279267
TARO,-14.68322591,3.17375231
TARS,10.25747508,10.66828283
TBPH,-54.78211658,4.98084291
TCDA,23.85392385,25.53846154
TCMD,-32.71921642,2.34593838
TCON,-56.08108108,5.33038412
TCRR,-77.26653033,4.29447853
TECH,63.93916745,3.50266243
TELA,-25.71595558,2.58790772
TENX,29.90654206,2.93382353
TERN,-52.03915171,5.91715976
TFFP,-51.90635452,14.35552075
TFX,-9.26498003,1.32981874
TGTX,-10.03039514,6.07843137
THMO,-29.20353982,7.1782997
THRX,76.14678899,3.55117875
TIL,-16.22541604,9.5703125
TIVC,7.51445087,7.81818182
TKNO,-0.12,2.82144297
TLIS,-82.87769784,22.3628692
TLSA,-51.06382979,5.79710145
TMBR,-46.06729868,2.97029703
TMCI,-17.07794751,3.61681329
TMDX,70.03436426,5.10620915
TMO,33.92066806,3.36146451
TNDM,47.62052877,4.50456985
TNXP,-7.44572592,6.85767098
TNYA,46.05863192,7.21370604
TPST,-53.84615385,3.65853659
TPTX,-59.16697315,5.13294798
TRIB,-31.72413793,2.56410256
TRVI,-65.80645161,15.23809524
TRVN,-69.35968379,11.84210526
TSHA,-29.09441233,6.89655172
TTNP,-57.27891156,6.98013245
TTOO,-40.0862069,5.53597651
TVTX,20.97701149,2.35142119
TWST,6.90322581,6.92313139
TXG,18.36072824,2.63309261
TXMD,-53.7007874,6.87931034
TYME,-4.43196005,2.79850746
UBX,-42.67515924,7.3071161
UPC,-50.94736842,1.73478261
URGN,-39.02548055,12.24952741
UTHR,44.02948055,2.3003258
UTMD,34.2162819,2.81777778
UTRS,5.55555556,6.8369213
VACC,-10.56737589,1.74603175
VAPO,-19.45174615,2.85313377
VAXX,-8.33836858,24.04181185
VBIV,5.20833333,4.12371134
VBLT,84.42622951,8.27740492
VCEL,58.95348837,2.52574792
VCNX,-4.59183673,4.91803279
VCYT,-2.91683906,4.19788453
VECT,-80.08666942,2.9958159
VERA,113.4782609,10.91393079
VERO,-24.09090909,4.32098765
VERU,221.7081851,7.18814139
VINC,-21.84615385,3.40909091
VIR,23.00331248,4.37844458
VIRI,-64.93117893,13.50711805
VIRX,34.4,9.27561837
VIVE,-58.6,3.17848411
VIVO,8.07651435,3.4159919
VKTX,-8.41121495,3.98630137
VLON,-36.17021277,6.62800875
VNDA,32.1509434,1.96078431
VNRX,18.45238095,4.28463476
VOR,-53.84,7.88143713
VRAY,69.3989071,4.06301824
VRCA,38.70967742,9.90606319
VRDN,-9.88483685,3.16863588
VREX,84.72126635,8.83878691
VRNA,-25.97222222,2.63157895
VRPX,-35.37519142,6.41975309
VRTX,-15.53193398,1.77282035
VSTM,116.2162162,4.88599349
VTGN,200.8775596,4.784689
VTRS,-15.05507956,1.89366351
VTVT,-13.33333333,4.69798658
VTYX,3.47288297,5.8411215
VXRT,20.63492063,3.85196375
VYGR,-62.22732491,8.5443038
VYNE,-81.69642857,6.61157025
WAT,50.96241187,2.42614963
WINT,-73.69230769,4.72781065
WST,54.19993724,4.71604589
WVE,-48.23529412,4.81651376
XBIO,88.262638,6.25
XBIT,-26.64576803,5.57206538
XCUR,-48.2,42.66666667
XENE,204.376784,4.34782609
XENT,45.3125,0.37147103
XERS,-48.71244635,11.21076233
XFOR,-26.51515152,4.45638097
XLO,56.9375,29.69837587
XLRN,52.8151076,0.76803141
XNCR,-7.79220779,2.40215924
XOMA,-17.82650143,3.09358082
XRAY,11.8609407,1.58001102
XRTX,-98.14670865,10.03584229
XTNT,-20.63492063,6
XXII,203.8095238,5.4313099
YMAB,-58.40649693,17.61546724
YMTX,-77.58928571,6.0483871
ZBH,-12.24775225,2.68585501
ZGNX,-30.68783069,3.5589672
ZIOP,-47.58364312,8.29648505
ZIVO,-68.96551724,6.21468927
ZNTL,85.1887473,5.18459283
ZSAN,27.0722744,4.54248366
ZTS,33.09556912,2.54570701
ZYME,-54.10706045,9.09589041
ZYNE,6.70103093,4.86618005
ZYXI,10.0513573,4.88980716
